id,date,description,amount,type,category,vendor,risk_level
TXN-0001,2024-02-13,SaaS Revenue #001,10350.59,income,SaaS Revenue,Stripe,low
TXN-0002,2024-05-24,Infrastructure #002,2451.6,expense,Infrastructure,AWS,low
TXN-0003,2024-07-31,Consulting #003,13790.37,income,Consulting,Direct,low
TXN-0004,2024-07-23,SaaS Revenue #004,262472.71,income,SaaS Revenue,Stripe,low
TXN-0005,2024-08-26,Consulting #005,14417.2,income,Consulting,Direct,low
TXN-0006,2024-05-16,Marketing #006,2226.73,expense,Marketing,Meta Ads,low
TXN-0007,2024-03-24,Marketing #007,6780.87,expense,Marketing,Meta Ads,low
TXN-0008,2024-06-02,Consulting #008,2236.28,income,Consulting,Direct,low
TXN-0009,2024-11-20,Infrastructure #009,1456.01,expense,Infrastructure,AWS,low
TXN-0010,2024-10-15,Payroll #010,42666.56,expense,Payroll,Gusto,low
TXN-0011,2024-01-10,Consulting #011,106970.77,income,Consulting,Direct,low
TXN-0012,2024-05-19,Marketing #012,8596.78,expense,Marketing,Meta Ads,medium
TXN-0013,2024-08-14,Marketing #013,11400.22,expense,Marketing,Meta Ads,low
TXN-0014,2024-11-13,License Revenue #014,18483.35,income,License Revenue,Direct,low
TXN-0015,2024-03-22,Operations #015,38162.5,expense,Operations,Various,low
TXN-0016,2024-05-22,Consulting #016,8551.44,income,Consulting,Direct,low
TXN-0017,2024-05-09,Infrastructure #017,23363.75,expense,Infrastructure,AWS,low
TXN-0018,2024-11-15,Marketing #018,989.49,expense,Marketing,Meta Ads,low
TXN-0019,2024-10-12,SaaS Revenue #019,20761.26,income,SaaS Revenue,Stripe,low
TXN-0020,2024-06-17,SaaS Revenue #020,11755.34,income,SaaS Revenue,Stripe,low
TXN-0021,2024-10-13,Payroll #021,10240.24,expense,Payroll,Gusto,low
TXN-0022,2024-05-22,License Revenue #022,8249.71,income,License Revenue,Direct,low
TXN-0023,2024-05-22,License Revenue #023,39353.97,income,License Revenue,Direct,low
TXN-0024,2024-03-27,Consulting #024,38453.78,income,Consulting,Direct,low
TXN-0025,2024-11-02,Marketing #025,23055.75,expense,Marketing,Meta Ads,low
TXN-0026,2024-07-13,Marketing #026,44796.59,expense,Marketing,Meta Ads,high
TXN-0027,2024-02-04,License Revenue #027,9462.11,income,License Revenue,Direct,low
TXN-0028,2024-03-20,Infrastructure #028,21621.15,expense,Infrastructure,AWS,low
TXN-0029,2024-01-10,Infrastructure #029,2793.22,expense,Infrastructure,AWS,low
TXN-0030,2024-10-24,Marketing #030,1862.51,expense,Marketing,Meta Ads,low
TXN-0031,2024-07-31,Payroll #031,6381.87,expense,Payroll,Gusto,low
TXN-0032,2024-01-27,Consulting #032,4959.58,income,Consulting,Direct,low
TXN-0033,2024-11-05,License Revenue #033,16920.82,income,License Revenue,Direct,low
TXN-0034,2024-11-07,Infrastructure #034,19046.29,expense,Infrastructure,AWS,low
TXN-0035,2024-08-03,License Revenue #035,37989.11,income,License Revenue,Direct,low
TXN-0036,2024-01-09,Infrastructure #036,27732.38,expense,Infrastructure,AWS,low
TXN-0037,2024-01-19,Infrastructure #037,26101.61,expense,Infrastructure,AWS,low
TXN-0038,2024-08-29,Consulting #038,894.42,income,Consulting,Direct,low
TXN-0039,2024-01-02,Payroll #039,42671.2,expense,Payroll,Gusto,low
TXN-0040,2024-05-03,Infrastructure #040,5411.54,expense,Infrastructure,AWS,low
TXN-0041,2024-06-24,Payroll #041,1158.61,expense,Payroll,Gusto,low
TXN-0042,2024-09-27,License Revenue #042,8848.32,income,License Revenue,Direct,low
TXN-0043,2024-02-23,SaaS Revenue #043,6232.67,income,SaaS Revenue,Stripe,low
TXN-0044,2024-05-16,Payroll #044,7032.6,expense,Payroll,Gusto,low
TXN-0045,2024-02-11,License Revenue #045,24856.62,income,License Revenue,Direct,low
TXN-0046,2024-11-16,Infrastructure #046,1492.69,expense,Infrastructure,AWS,low
TXN-0047,2024-06-30,Infrastructure #047,9624.72,expense,Infrastructure,AWS,low
TXN-0048,2024-02-22,License Revenue #048,123762.55,income,License Revenue,Direct,low
TXN-0049,2024-01-06,Consulting #049,80383.62,income,Consulting,Direct,low
TXN-0050,2024-04-25,Infrastructure #050,355.47,expense,Infrastructure,AWS,low
TXN-0051,2024-01-05,License Revenue #051,49968.88,income,License Revenue,Direct,low
TXN-0052,2024-10-06,Infrastructure #052,31093.57,expense,Infrastructure,AWS,low
TXN-0053,2024-09-23,License Revenue #053,16960.5,income,License Revenue,Direct,low
TXN-0054,2024-11-23,Payroll #054,11058.89,expense,Payroll,Gusto,low
TXN-0055,2024-06-21,Payroll #055,3270.39,expense,Payroll,Gusto,medium
TXN-0056,2024-02-18,Marketing #056,780.44,expense,Marketing,Meta Ads,low
TXN-0057,2024-11-17,Operations #057,6602.66,expense,Operations,Various,low
TXN-0058,2024-04-10,Infrastructure #058,1134.66,expense,Infrastructure,AWS,high
TXN-0059,2024-10-17,Payroll #059,6307.36,expense,Payroll,Gusto,low
TXN-0060,2024-10-17,Operations #060,2057.04,expense,Operations,Various,low
TXN-0061,2024-05-18,License Revenue #061,26162.55,income,License Revenue,Direct,low
TXN-0062,2024-06-16,Payroll #062,2580.98,expense,Payroll,Gusto,low
TXN-0063,2024-10-05,License Revenue #063,35185.64,income,License Revenue,Direct,low
TXN-0064,2024-01-13,Consulting #064,5136.57,income,Consulting,Direct,low
TXN-0065,2024-04-22,License Revenue #065,52830.15,income,License Revenue,Direct,low
TXN-0066,2024-05-13,Marketing #066,17476.17,expense,Marketing,Meta Ads,low
TXN-0067,2024-06-17,Marketing #067,2155.96,expense,Marketing,Meta Ads,low
TXN-0068,2024-01-24,Payroll #068,12664.66,expense,Payroll,Gusto,low
TXN-0069,2024-02-02,License Revenue #069,127819.83,income,License Revenue,Direct,low
TXN-0070,2024-09-06,Payroll #070,11296.31,expense,Payroll,Gusto,low
TXN-0071,2024-03-29,Payroll #071,18575.31,expense,Payroll,Gusto,low
TXN-0072,2024-06-20,Marketing #072,10665.04,expense,Marketing,Meta Ads,low
TXN-0073,2024-03-14,Marketing #073,13556.27,expense,Marketing,Meta Ads,low
TXN-0074,2024-04-28,SaaS Revenue #074,25236.01,income,SaaS Revenue,Stripe,low
TXN-0075,2024-08-28,License Revenue #075,18812.45,income,License Revenue,Direct,low
TXN-0076,2024-09-02,SaaS Revenue #076,57233.22,income,SaaS Revenue,Stripe,low
TXN-0077,2024-09-13,License Revenue #077,34026.53,income,License Revenue,Direct,low
TXN-0078,2024-03-17,Consulting #078,27539.28,income,Consulting,Direct,low
TXN-0079,2024-03-04,Operations #079,11931.04,expense,Operations,Various,low
TXN-0080,2024-06-13,Marketing #080,13652.84,expense,Marketing,Meta Ads,low
TXN-0081,2024-09-01,Marketing #081,3549.71,expense,Marketing,Meta Ads,low
TXN-0082,2024-07-30,Marketing #082,113314.73,expense,Marketing,Meta Ads,medium
TXN-0083,2024-06-17,Operations #083,2200.68,expense,Operations,Various,low
TXN-0084,2024-05-23,License Revenue #084,9308.07,income,License Revenue,Direct,low
TXN-0085,2024-09-11,Infrastructure #085,11531.35,expense,Infrastructure,AWS,low
TXN-0086,2024-03-16,Operations #086,9785.63,expense,Operations,Various,low
TXN-0087,2024-02-27,SaaS Revenue #087,41070.76,income,SaaS Revenue,Stripe,low
TXN-0088,2024-07-07,Operations #088,2145.71,expense,Operations,Various,low
TXN-0089,2024-03-13,Infrastructure #089,1362.0,expense,Infrastructure,AWS,low
TXN-0090,2024-05-02,Infrastructure #090,4769.71,expense,Infrastructure,AWS,high
TXN-0091,2024-10-14,Infrastructure #091,2851.68,expense,Infrastructure,AWS,low
TXN-0092,2024-10-19,Consulting #092,10406.34,income,Consulting,Direct,low
TXN-0093,2024-04-02,Infrastructure #093,2763.07,expense,Infrastructure,AWS,low
TXN-0094,2024-07-05,Payroll #094,75103.15,expense,Payroll,Gusto,low
TXN-0095,2024-04-13,License Revenue #095,6824.8,income,License Revenue,Direct,low
TXN-0096,2024-07-25,Payroll #096,12580.03,expense,Payroll,Gusto,medium
TXN-0097,2024-08-05,Infrastructure #097,4715.09,expense,Infrastructure,AWS,low
TXN-0098,2024-06-25,Payroll #098,41908.63,expense,Payroll,Gusto,low
TXN-0099,2024-08-09,Infrastructure #099,77365.55,expense,Infrastructure,AWS,high
TXN-0100,2024-08-26,Consulting #100,2152.97,income,Consulting,Direct,low
TXN-0101,2024-08-29,Consulting #101,31050.84,income,Consulting,Direct,low
TXN-0102,2024-10-24,Payroll #102,32638.85,expense,Payroll,Gusto,low
TXN-0103,2024-06-06,License Revenue #103,38491.34,income,License Revenue,Direct,low
TXN-0104,2024-09-14,Marketing #104,5022.83,expense,Marketing,Meta Ads,medium
TXN-0105,2024-04-05,Consulting #105,27315.19,income,Consulting,Direct,low
TXN-0106,2024-10-26,SaaS Revenue #106,3306.84,income,SaaS Revenue,Stripe,low
TXN-0107,2024-05-20,Marketing #107,27294.26,expense,Marketing,Meta Ads,low
TXN-0108,2024-02-04,License Revenue #108,7915.48,income,License Revenue,Direct,low
TXN-0109,2024-09-09,Payroll #109,1722.04,expense,Payroll,Gusto,medium
TXN-0110,2024-07-18,SaaS Revenue #110,923.86,income,SaaS Revenue,Stripe,low
TXN-0111,2024-03-01,SaaS Revenue #111,13267.6,income,SaaS Revenue,Stripe,low
TXN-0112,2024-09-24,Marketing #112,15126.86,expense,Marketing,Meta Ads,low
TXN-0113,2024-03-09,Marketing #113,3556.53,expense,Marketing,Meta Ads,low
TXN-0114,2024-05-26,Payroll #114,10139.02,expense,Payroll,Gusto,low
TXN-0115,2024-10-05,Consulting #115,20542.45,income,Consulting,Direct,low
TXN-0116,2024-09-28,Marketing #116,61761.46,expense,Marketing,Meta Ads,low
TXN-0117,2024-05-24,SaaS Revenue #117,30345.07,income,SaaS Revenue,Stripe,low
TXN-0118,2024-03-19,Consulting #118,10082.81,income,Consulting,Direct,low
TXN-0119,2024-11-03,Payroll #119,1415.66,expense,Payroll,Gusto,low
TXN-0120,2024-08-12,Marketing #120,5744.56,expense,Marketing,Meta Ads,low
TXN-0121,2024-09-12,License Revenue #121,28452.19,income,License Revenue,Direct,low
TXN-0122,2024-01-11,License Revenue #122,14012.44,income,License Revenue,Direct,low
TXN-0123,2024-08-01,Infrastructure #123,10188.03,expense,Infrastructure,AWS,low
TXN-0124,2024-02-27,SaaS Revenue #124,1809.7,income,SaaS Revenue,Stripe,low
TXN-0125,2024-07-06,License Revenue #125,5053.24,income,License Revenue,Direct,low
TXN-0126,2024-02-23,Marketing #126,24979.23,expense,Marketing,Meta Ads,low
TXN-0127,2024-06-06,License Revenue #127,22863.45,income,License Revenue,Direct,low
TXN-0128,2024-07-18,Infrastructure #128,2118.75,expense,Infrastructure,AWS,low
TXN-0129,2024-08-09,Payroll #129,21766.83,expense,Payroll,Gusto,low
TXN-0130,2024-10-26,Operations #130,47538.89,expense,Operations,Various,low
TXN-0131,2024-07-11,Payroll #131,1955.18,expense,Payroll,Gusto,low
TXN-0132,2024-05-27,Consulting #132,2213.03,income,Consulting,Direct,low
TXN-0133,2024-07-08,SaaS Revenue #133,20961.48,income,SaaS Revenue,Stripe,low
TXN-0134,2024-01-19,Operations #134,2137.58,expense,Operations,Various,medium
TXN-0135,2024-02-23,Infrastructure #135,2759.79,expense,Infrastructure,AWS,low
TXN-0136,2024-03-31,Marketing #136,11997.86,expense,Marketing,Meta Ads,low
TXN-0137,2024-10-18,License Revenue #137,11957.17,income,License Revenue,Direct,low
TXN-0138,2024-08-12,SaaS Revenue #138,11503.82,income,SaaS Revenue,Stripe,low
TXN-0139,2024-10-22,Marketing #139,26439.85,expense,Marketing,Meta Ads,low
TXN-0140,2024-10-18,Operations #140,14521.27,expense,Operations,Various,low
TXN-0141,2024-07-23,SaaS Revenue #141,10758.09,income,SaaS Revenue,Stripe,low
TXN-0142,2024-08-02,License Revenue #142,9420.98,income,License Revenue,Direct,low
TXN-0143,2024-09-20,Operations #143,3077.55,expense,Operations,Various,low
TXN-0144,2024-03-20,Payroll #144,18637.28,expense,Payroll,Gusto,high
TXN-0145,2024-05-18,License Revenue #145,12568.54,income,License Revenue,Direct,low
TXN-0146,2024-03-11,Marketing #146,4820.72,expense,Marketing,Meta Ads,low
TXN-0147,2024-04-07,SaaS Revenue #147,9966.19,income,SaaS Revenue,Stripe,low
TXN-0148,2024-06-29,Operations #148,12355.02,expense,Operations,Various,low
TXN-0149,2024-07-31,Payroll #149,63930.28,expense,Payroll,Gusto,low
TXN-0150,2024-03-04,Marketing #150,15094.76,expense,Marketing,Meta Ads,medium
TXN-0151,2024-05-10,Infrastructure #151,34255.69,expense,Infrastructure,AWS,medium
TXN-0152,2024-06-21,Marketing #152,103442.68,expense,Marketing,Meta Ads,low
TXN-0153,2024-04-21,Infrastructure #153,1843.94,expense,Infrastructure,AWS,low
TXN-0154,2024-04-30,Consulting #154,43765.74,income,Consulting,Direct,low
TXN-0155,2024-06-10,Consulting #155,37289.53,income,Consulting,Direct,low
TXN-0156,2024-06-29,Infrastructure #156,4811.28,expense,Infrastructure,AWS,low
TXN-0157,2024-01-04,License Revenue #157,79829.79,income,License Revenue,Direct,low
TXN-0158,2024-07-05,Marketing #158,8464.86,expense,Marketing,Meta Ads,low
TXN-0159,2024-03-05,Operations #159,7202.18,expense,Operations,Various,low
TXN-0160,2024-10-12,Consulting #160,12759.59,income,Consulting,Direct,low
TXN-0161,2024-04-25,License Revenue #161,49034.05,income,License Revenue,Direct,low
TXN-0162,2024-04-23,License Revenue #162,13168.87,income,License Revenue,Direct,low
TXN-0163,2024-03-25,Marketing #163,4061.82,expense,Marketing,Meta Ads,low
TXN-0164,2024-03-06,SaaS Revenue #164,10457.13,income,SaaS Revenue,Stripe,low
TXN-0165,2024-08-01,License Revenue #165,9681.45,income,License Revenue,Direct,low
TXN-0166,2024-05-04,Marketing #166,2677.12,expense,Marketing,Meta Ads,low
TXN-0167,2024-01-04,Infrastructure #167,891.03,expense,Infrastructure,AWS,low
TXN-0168,2024-05-20,Consulting #168,11210.62,income,Consulting,Direct,low
TXN-0169,2024-01-20,Operations #169,7172.96,expense,Operations,Various,low
TXN-0170,2024-03-14,License Revenue #170,6436.84,income,License Revenue,Direct,low
TXN-0171,2024-05-22,Payroll #171,2872.06,expense,Payroll,Gusto,low
TXN-0172,2024-06-14,License Revenue #172,24256.42,income,License Revenue,Direct,low
TXN-0173,2024-05-15,SaaS Revenue #173,2112.21,income,SaaS Revenue,Stripe,low
TXN-0174,2024-08-25,SaaS Revenue #174,23235.94,income,SaaS Revenue,Stripe,low
TXN-0175,2024-09-18,SaaS Revenue #175,11859.58,income,SaaS Revenue,Stripe,low
TXN-0176,2024-02-28,SaaS Revenue #176,19966.15,income,SaaS Revenue,Stripe,low
TXN-0177,2024-10-17,Operations #177,1274.1,expense,Operations,Various,low
TXN-0178,2024-03-09,Infrastructure #178,1842.22,expense,Infrastructure,AWS,low
TXN-0179,2024-06-15,Infrastructure #179,20333.36,expense,Infrastructure,AWS,low
TXN-0180,2024-07-14,Consulting #180,41415.23,income,Consulting,Direct,low
TXN-0181,2024-02-17,Infrastructure #181,2336.02,expense,Infrastructure,AWS,low
TXN-0182,2024-03-04,Infrastructure #182,1109.78,expense,Infrastructure,AWS,low
TXN-0183,2024-06-24,Infrastructure #183,8300.62,expense,Infrastructure,AWS,low
TXN-0184,2024-06-15,Marketing #184,21068.24,expense,Marketing,Meta Ads,low
TXN-0185,2024-08-30,Operations #185,14120.03,expense,Operations,Various,low
TXN-0186,2024-03-01,Operations #186,9320.13,expense,Operations,Various,low
TXN-0187,2024-03-26,Marketing #187,4119.84,expense,Marketing,Meta Ads,low
TXN-0188,2024-08-09,Payroll #188,4740.16,expense,Payroll,Gusto,medium
TXN-0189,2024-06-29,SaaS Revenue #189,29778.24,income,SaaS Revenue,Stripe,low
TXN-0190,2024-08-02,Marketing #190,64003.46,expense,Marketing,Meta Ads,low
TXN-0191,2024-10-05,License Revenue #191,1420.38,income,License Revenue,Direct,low
TXN-0192,2024-06-24,Consulting #192,6146.28,income,Consulting,Direct,low
TXN-0193,2024-08-23,Marketing #193,19893.17,expense,Marketing,Meta Ads,low
TXN-0194,2024-04-19,Marketing #194,14459.89,expense,Marketing,Meta Ads,medium
TXN-0195,2024-10-01,Consulting #195,6775.51,income,Consulting,Direct,low
TXN-0196,2024-08-11,Consulting #196,102376.67,income,Consulting,Direct,low
TXN-0197,2024-03-01,Consulting #197,13015.77,income,Consulting,Direct,low
TXN-0198,2024-05-12,License Revenue #198,6288.91,income,License Revenue,Direct,low
TXN-0199,2024-07-18,Infrastructure #199,19821.74,expense,Infrastructure,AWS,low
TXN-0200,2024-09-12,SaaS Revenue #200,50032.23,income,SaaS Revenue,Stripe,low
TXN-0201,2024-02-13,SaaS Revenue #201,660.84,income,SaaS Revenue,Stripe,low
TXN-0202,2024-06-28,License Revenue #202,49663.76,income,License Revenue,Direct,low
TXN-0203,2024-04-25,Payroll #203,5296.6,expense,Payroll,Gusto,low
TXN-0204,2024-07-29,Payroll #204,816.33,expense,Payroll,Gusto,low
TXN-0205,2024-06-19,License Revenue #205,19618.82,income,License Revenue,Direct,low
TXN-0206,2024-06-25,Marketing #206,1822.54,expense,Marketing,Meta Ads,low
TXN-0207,2024-04-23,Operations #207,6268.22,expense,Operations,Various,low
TXN-0208,2024-11-12,Infrastructure #208,15828.37,expense,Infrastructure,AWS,low
TXN-0209,2024-03-24,SaaS Revenue #209,25427.61,income,SaaS Revenue,Stripe,low
TXN-0210,2024-05-04,Marketing #210,4612.9,expense,Marketing,Meta Ads,low
TXN-0211,2024-03-10,Infrastructure #211,11386.92,expense,Infrastructure,AWS,low
TXN-0212,2024-01-12,SaaS Revenue #212,10527.45,income,SaaS Revenue,Stripe,low
TXN-0213,2024-04-08,Infrastructure #213,2926.11,expense,Infrastructure,AWS,low
TXN-0214,2024-03-04,Operations #214,2801.31,expense,Operations,Various,low
TXN-0215,2024-08-02,Payroll #215,30562.61,expense,Payroll,Gusto,low
TXN-0216,2024-08-14,Operations #216,1746.61,expense,Operations,Various,low
TXN-0217,2024-08-04,Infrastructure #217,1166.84,expense,Infrastructure,AWS,high
TXN-0218,2024-11-20,SaaS Revenue #218,62405.5,income,SaaS Revenue,Stripe,low
TXN-0219,2024-09-27,Infrastructure #219,28525.42,expense,Infrastructure,AWS,low
TXN-0220,2024-10-18,Marketing #220,11488.94,expense,Marketing,Meta Ads,low
TXN-0221,2024-08-02,License Revenue #221,64156.22,income,License Revenue,Direct,low
TXN-0222,2024-09-07,Infrastructure #222,23561.95,expense,Infrastructure,AWS,low
TXN-0223,2024-01-26,Marketing #223,7057.02,expense,Marketing,Meta Ads,low
TXN-0224,2024-06-28,Payroll #224,24272.74,expense,Payroll,Gusto,low
TXN-0225,2024-06-20,SaaS Revenue #225,25647.44,income,SaaS Revenue,Stripe,low
TXN-0226,2024-11-22,Consulting #226,4964.23,income,Consulting,Direct,low
TXN-0227,2024-09-25,Infrastructure #227,5233.62,expense,Infrastructure,AWS,low
TXN-0228,2024-09-15,Marketing #228,167592.16,expense,Marketing,Meta Ads,low
TXN-0229,2024-05-01,Payroll #229,5423.81,expense,Payroll,Gusto,low
TXN-0230,2024-10-03,Consulting #230,7450.37,income,Consulting,Direct,low
TXN-0231,2024-08-14,Payroll #231,17163.52,expense,Payroll,Gusto,low
TXN-0232,2024-03-28,Operations #232,34110.26,expense,Operations,Various,low
TXN-0233,2024-06-17,Operations #233,4097.05,expense,Operations,Various,low
TXN-0234,2024-10-13,Infrastructure #234,1755.6,expense,Infrastructure,AWS,low
TXN-0235,2024-04-14,Consulting #235,36103.65,income,Consulting,Direct,low
TXN-0236,2024-10-05,Marketing #236,76956.33,expense,Marketing,Meta Ads,low
TXN-0237,2024-03-11,Payroll #237,924.29,expense,Payroll,Gusto,low
TXN-0238,2024-04-07,Operations #238,2403.86,expense,Operations,Various,low
TXN-0239,2024-06-16,Marketing #239,4698.25,expense,Marketing,Meta Ads,low
TXN-0240,2024-10-26,License Revenue #240,2897.17,income,License Revenue,Direct,low
TXN-0241,2024-08-25,Consulting #241,12549.67,income,Consulting,Direct,low
TXN-0242,2024-07-16,Consulting #242,23935.76,income,Consulting,Direct,low
TXN-0243,2024-10-01,Operations #243,15949.56,expense,Operations,Various,low
TXN-0244,2024-01-23,Consulting #244,9486.78,income,Consulting,Direct,low
TXN-0245,2024-08-01,SaaS Revenue #245,41622.35,income,SaaS Revenue,Stripe,low
TXN-0246,2024-01-01,Payroll #246,7285.19,expense,Payroll,Gusto,low
TXN-0247,2024-05-15,SaaS Revenue #247,21857.68,income,SaaS Revenue,Stripe,low
TXN-0248,2024-11-22,Marketing #248,19166.28,expense,Marketing,Meta Ads,low
TXN-0249,2024-07-11,Operations #249,5835.23,expense,Operations,Various,low
TXN-0250,2024-06-26,Marketing #250,6232.76,expense,Marketing,Meta Ads,low
TXN-0251,2024-11-14,Payroll #251,5153.92,expense,Payroll,Gusto,medium
TXN-0252,2024-02-09,Payroll #252,38987.19,expense,Payroll,Gusto,low
TXN-0253,2024-08-14,Consulting #253,49372.62,income,Consulting,Direct,low
TXN-0254,2024-04-14,Payroll #254,5181.9,expense,Payroll,Gusto,low
TXN-0255,2024-02-17,License Revenue #255,59042.84,income,License Revenue,Direct,low
TXN-0256,2024-11-04,License Revenue #256,6303.6,income,License Revenue,Direct,low
TXN-0257,2024-02-21,Marketing #257,18878.63,expense,Marketing,Meta Ads,low
TXN-0258,2024-04-06,License Revenue #258,248240.36,income,License Revenue,Direct,low
TXN-0259,2024-03-01,Consulting #259,10933.05,income,Consulting,Direct,low
TXN-0260,2024-08-31,Operations #260,8001.44,expense,Operations,Various,low
TXN-0261,2024-10-16,Operations #261,5517.02,expense,Operations,Various,low
TXN-0262,2024-03-09,Operations #262,410.15,expense,Operations,Various,low
TXN-0263,2024-05-07,License Revenue #263,11752.46,income,License Revenue,Direct,low
TXN-0264,2024-02-26,License Revenue #264,5848.55,income,License Revenue,Direct,low
TXN-0265,2024-07-24,SaaS Revenue #265,46529.9,income,SaaS Revenue,Stripe,low
TXN-0266,2024-11-25,Infrastructure #266,2272.17,expense,Infrastructure,AWS,low
TXN-0267,2024-05-11,Operations #267,6642.52,expense,Operations,Various,low
TXN-0268,2024-02-19,SaaS Revenue #268,9328.24,income,SaaS Revenue,Stripe,low
TXN-0269,2024-10-06,Payroll #269,999.28,expense,Payroll,Gusto,low
TXN-0270,2024-05-19,Marketing #270,6428.38,expense,Marketing,Meta Ads,medium
TXN-0271,2024-08-04,Payroll #271,27695.39,expense,Payroll,Gusto,low
TXN-0272,2024-07-06,License Revenue #272,10298.42,income,License Revenue,Direct,low
TXN-0273,2024-05-21,Operations #273,6522.04,expense,Operations,Various,low
TXN-0274,2024-05-06,Payroll #274,4402.19,expense,Payroll,Gusto,low
TXN-0275,2024-04-28,License Revenue #275,29284.0,income,License Revenue,Direct,low
TXN-0276,2024-03-04,Operations #276,916.95,expense,Operations,Various,low
TXN-0277,2024-06-16,Operations #277,17149.4,expense,Operations,Various,low
TXN-0278,2024-09-03,License Revenue #278,4536.71,income,License Revenue,Direct,low
TXN-0279,2024-01-28,Operations #279,383.62,expense,Operations,Various,low
TXN-0280,2024-10-24,Infrastructure #280,638.75,expense,Infrastructure,AWS,medium
TXN-0281,2024-08-15,License Revenue #281,330244.36,income,License Revenue,Direct,low
TXN-0282,2024-06-16,Payroll #282,715.02,expense,Payroll,Gusto,low
TXN-0283,2024-01-25,Consulting #283,14417.42,income,Consulting,Direct,low
TXN-0284,2024-03-08,Consulting #284,3665.93,income,Consulting,Direct,low
TXN-0285,2024-01-12,Marketing #285,12329.61,expense,Marketing,Meta Ads,low
TXN-0286,2024-09-13,Infrastructure #286,1210.03,expense,Infrastructure,AWS,low
TXN-0287,2024-08-20,Marketing #287,4113.19,expense,Marketing,Meta Ads,low
TXN-0288,2024-03-17,Operations #288,8192.1,expense,Operations,Various,low
TXN-0289,2024-02-03,Marketing #289,26124.77,expense,Marketing,Meta Ads,low
TXN-0290,2024-06-10,Consulting #290,44918.3,income,Consulting,Direct,low
TXN-0291,2024-11-24,License Revenue #291,15863.4,income,License Revenue,Direct,low
TXN-0292,2024-11-13,Operations #292,8821.37,expense,Operations,Various,low
TXN-0293,2024-02-12,License Revenue #293,32033.36,income,License Revenue,Direct,low
TXN-0294,2024-10-03,SaaS Revenue #294,40730.3,income,SaaS Revenue,Stripe,low
TXN-0295,2024-09-29,Operations #295,39447.26,expense,Operations,Various,low
TXN-0296,2024-09-06,Payroll #296,7256.44,expense,Payroll,Gusto,low
TXN-0297,2024-01-31,Marketing #297,4458.88,expense,Marketing,Meta Ads,low
TXN-0298,2024-10-22,Consulting #298,12445.8,income,Consulting,Direct,low
TXN-0299,2024-07-04,Marketing #299,5265.2,expense,Marketing,Meta Ads,low
TXN-0300,2024-01-13,Operations #300,976.38,expense,Operations,Various,low
TXN-0301,2024-01-26,Marketing #301,3017.09,expense,Marketing,Meta Ads,low
TXN-0302,2024-05-18,SaaS Revenue #302,33620.04,income,SaaS Revenue,Stripe,low
TXN-0303,2024-08-05,Marketing #303,11231.0,expense,Marketing,Meta Ads,low
TXN-0304,2024-05-19,Marketing #304,4957.38,expense,Marketing,Meta Ads,low
TXN-0305,2024-10-24,Marketing #305,17405.07,expense,Marketing,Meta Ads,low
TXN-0306,2024-01-15,Consulting #306,14753.38,income,Consulting,Direct,low
TXN-0307,2024-03-09,Operations #307,3067.86,expense,Operations,Various,low
TXN-0308,2024-04-22,License Revenue #308,35178.0,income,License Revenue,Direct,low
TXN-0309,2024-08-17,SaaS Revenue #309,57273.64,income,SaaS Revenue,Stripe,low
TXN-0310,2024-10-12,Infrastructure #310,6222.48,expense,Infrastructure,AWS,low
TXN-0311,2024-02-24,Marketing #311,8646.47,expense,Marketing,Meta Ads,medium
TXN-0312,2024-02-21,Payroll #312,20468.9,expense,Payroll,Gusto,low
TXN-0313,2024-01-06,Payroll #313,57784.0,expense,Payroll,Gusto,low
TXN-0314,2024-02-13,Marketing #314,6520.75,expense,Marketing,Meta Ads,low
TXN-0315,2024-03-12,Operations #315,5809.83,expense,Operations,Various,low
TXN-0316,2024-06-28,Infrastructure #316,14931.0,expense,Infrastructure,AWS,low
TXN-0317,2024-11-01,Infrastructure #317,59769.62,expense,Infrastructure,AWS,low
TXN-0318,2024-07-15,Infrastructure #318,6750.67,expense,Infrastructure,AWS,low
TXN-0319,2024-04-14,Operations #319,4720.91,expense,Operations,Various,low
TXN-0320,2024-02-17,SaaS Revenue #320,18655.64,income,SaaS Revenue,Stripe,low
TXN-0321,2024-10-01,Operations #321,1428.99,expense,Operations,Various,low
TXN-0322,2024-02-29,Payroll #322,20688.23,expense,Payroll,Gusto,low
TXN-0323,2024-03-04,Consulting #323,141044.85,income,Consulting,Direct,low
TXN-0324,2024-08-26,Marketing #324,14060.31,expense,Marketing,Meta Ads,medium
TXN-0325,2024-02-17,Infrastructure #325,2016.36,expense,Infrastructure,AWS,low
TXN-0326,2024-08-13,Operations #326,8318.84,expense,Operations,Various,low
TXN-0327,2024-09-06,Consulting #327,95716.05,income,Consulting,Direct,low
TXN-0328,2024-08-08,Infrastructure #328,9749.49,expense,Infrastructure,AWS,low
TXN-0329,2024-03-21,Payroll #329,35905.32,expense,Payroll,Gusto,low
TXN-0330,2024-09-12,Operations #330,526.47,expense,Operations,Various,low
TXN-0331,2024-05-13,Operations #331,14069.1,expense,Operations,Various,medium
TXN-0332,2024-01-20,Payroll #332,17384.9,expense,Payroll,Gusto,low
TXN-0333,2024-09-18,Payroll #333,44933.49,expense,Payroll,Gusto,low
TXN-0334,2024-06-16,Infrastructure #334,4549.95,expense,Infrastructure,AWS,low
TXN-0335,2024-05-04,Marketing #335,2125.55,expense,Marketing,Meta Ads,low
TXN-0336,2024-07-01,License Revenue #336,4964.2,income,License Revenue,Direct,low
TXN-0337,2024-07-17,Marketing #337,54407.53,expense,Marketing,Meta Ads,low
TXN-0338,2024-09-03,Consulting #338,3633.55,income,Consulting,Direct,low
TXN-0339,2024-07-22,Infrastructure #339,4404.72,expense,Infrastructure,AWS,low
TXN-0340,2024-02-15,Infrastructure #340,11783.72,expense,Infrastructure,AWS,low
TXN-0341,2024-01-26,Infrastructure #341,624.23,expense,Infrastructure,AWS,low
TXN-0342,2024-07-08,Infrastructure #342,2148.91,expense,Infrastructure,AWS,low
TXN-0343,2024-05-15,Consulting #343,4954.63,income,Consulting,Direct,low
TXN-0344,2024-04-08,Marketing #344,25594.59,expense,Marketing,Meta Ads,low
TXN-0345,2024-03-15,Infrastructure #345,16200.85,expense,Infrastructure,AWS,low
TXN-0346,2024-04-15,License Revenue #346,33403.87,income,License Revenue,Direct,low
TXN-0347,2024-03-29,Payroll #347,1394.21,expense,Payroll,Gusto,low
TXN-0348,2024-01-29,Marketing #348,10545.28,expense,Marketing,Meta Ads,low
TXN-0349,2024-07-17,Infrastructure #349,3924.04,expense,Infrastructure,AWS,low
TXN-0350,2024-06-23,SaaS Revenue #350,53975.82,income,SaaS Revenue,Stripe,low
TXN-0351,2024-07-28,Payroll #351,30971.32,expense,Payroll,Gusto,low
TXN-0352,2024-05-15,Operations #352,4462.37,expense,Operations,Various,low
TXN-0353,2024-03-04,Operations #353,10144.53,expense,Operations,Various,low
TXN-0354,2024-08-20,License Revenue #354,16602.77,income,License Revenue,Direct,low
TXN-0355,2024-04-06,Consulting #355,23669.75,income,Consulting,Direct,low
TXN-0356,2024-01-30,Marketing #356,34168.51,expense,Marketing,Meta Ads,low
TXN-0357,2024-01-31,Operations #357,23648.41,expense,Operations,Various,low
TXN-0358,2024-01-28,SaaS Revenue #358,15149.16,income,SaaS Revenue,Stripe,low
TXN-0359,2024-08-23,Operations #359,10128.94,expense,Operations,Various,low
TXN-0360,2024-06-15,Operations #360,4097.66,expense,Operations,Various,low
TXN-0361,2024-09-15,Payroll #361,3168.96,expense,Payroll,Gusto,low
TXN-0362,2024-09-17,Infrastructure #362,6791.63,expense,Infrastructure,AWS,low
TXN-0363,2024-02-23,Consulting #363,12367.25,income,Consulting,Direct,low
TXN-0364,2024-05-15,Infrastructure #364,24557.88,expense,Infrastructure,AWS,low
TXN-0365,2024-05-25,Consulting #365,2516.41,income,Consulting,Direct,low
TXN-0366,2024-06-23,Operations #366,1151.32,expense,Operations,Various,low
TXN-0367,2024-07-08,Payroll #367,37690.73,expense,Payroll,Gusto,low
TXN-0368,2024-01-08,Infrastructure #368,1401.29,expense,Infrastructure,AWS,low
TXN-0369,2024-07-04,Marketing #369,45154.98,expense,Marketing,Meta Ads,low
TXN-0370,2024-01-05,Operations #370,6759.77,expense,Operations,Various,high
TXN-0371,2024-11-08,License Revenue #371,7724.14,income,License Revenue,Direct,low
TXN-0372,2024-03-24,License Revenue #372,16496.92,income,License Revenue,Direct,low
TXN-0373,2024-04-14,Payroll #373,4258.45,expense,Payroll,Gusto,low
TXN-0374,2024-05-02,License Revenue #374,10639.63,income,License Revenue,Direct,low
TXN-0375,2024-10-19,SaaS Revenue #375,82051.47,income,SaaS Revenue,Stripe,low
TXN-0376,2024-04-29,SaaS Revenue #376,167771.81,income,SaaS Revenue,Stripe,low
TXN-0377,2024-04-17,Operations #377,4839.18,expense,Operations,Various,high
TXN-0378,2024-04-10,Operations #378,62628.7,expense,Operations,Various,low
TXN-0379,2024-11-10,Marketing #379,4308.95,expense,Marketing,Meta Ads,low
TXN-0380,2024-01-04,Marketing #380,2492.91,expense,Marketing,Meta Ads,low
TXN-0381,2024-04-26,Operations #381,29050.81,expense,Operations,Various,low
TXN-0382,2024-05-07,Payroll #382,2523.94,expense,Payroll,Gusto,low
TXN-0383,2024-09-24,Marketing #383,1062.73,expense,Marketing,Meta Ads,medium
TXN-0384,2024-03-21,License Revenue #384,39366.13,income,License Revenue,Direct,low
TXN-0385,2024-07-28,License Revenue #385,67244.64,income,License Revenue,Direct,low
TXN-0386,2024-10-23,Operations #386,3896.94,expense,Operations,Various,low
TXN-0387,2024-02-23,Consulting #387,36906.33,income,Consulting,Direct,low
TXN-0388,2024-09-11,Marketing #388,1524.1,expense,Marketing,Meta Ads,low
TXN-0389,2024-08-21,Payroll #389,41650.55,expense,Payroll,Gusto,low
TXN-0390,2024-10-07,License Revenue #390,50005.81,income,License Revenue,Direct,low
TXN-0391,2024-09-15,Operations #391,4204.51,expense,Operations,Various,low
TXN-0392,2024-09-30,Operations #392,3455.06,expense,Operations,Various,medium
TXN-0393,2024-11-14,Marketing #393,3903.89,expense,Marketing,Meta Ads,low
TXN-0394,2024-10-26,Operations #394,7199.56,expense,Operations,Various,low
TXN-0395,2024-02-23,Payroll #395,8551.6,expense,Payroll,Gusto,high
TXN-0396,2024-08-25,Payroll #396,99112.51,expense,Payroll,Gusto,low
TXN-0397,2024-11-12,Infrastructure #397,8431.96,expense,Infrastructure,AWS,low
TXN-0398,2024-03-03,License Revenue #398,34197.09,income,License Revenue,Direct,low
TXN-0399,2024-03-07,Consulting #399,14747.18,income,Consulting,Direct,low
TXN-0400,2024-10-04,Marketing #400,1223.95,expense,Marketing,Meta Ads,low
TXN-0401,2024-11-10,Payroll #401,10617.45,expense,Payroll,Gusto,low
TXN-0402,2024-11-16,Consulting #402,329887.11,income,Consulting,Direct,low
TXN-0403,2024-05-08,Payroll #403,7890.49,expense,Payroll,Gusto,low
TXN-0404,2024-11-09,Infrastructure #404,8993.75,expense,Infrastructure,AWS,low
TXN-0405,2024-07-29,Infrastructure #405,19251.18,expense,Infrastructure,AWS,medium
TXN-0406,2024-07-31,Infrastructure #406,13266.63,expense,Infrastructure,AWS,low
TXN-0407,2024-02-17,Operations #407,17441.61,expense,Operations,Various,low
TXN-0408,2024-06-01,Operations #408,451.68,expense,Operations,Various,low
TXN-0409,2024-03-11,Marketing #409,75211.89,expense,Marketing,Meta Ads,low
TXN-0410,2024-05-14,Operations #410,8168.53,expense,Operations,Various,low
TXN-0411,2024-10-12,Marketing #411,1174.23,expense,Marketing,Meta Ads,low
TXN-0412,2024-07-27,Infrastructure #412,16582.65,expense,Infrastructure,AWS,low
TXN-0413,2024-04-25,Consulting #413,18986.65,income,Consulting,Direct,low
TXN-0414,2024-07-15,License Revenue #414,5549.53,income,License Revenue,Direct,low
TXN-0415,2024-05-19,License Revenue #415,7709.43,income,License Revenue,Direct,low
TXN-0416,2024-01-27,Operations #416,7280.12,expense,Operations,Various,low
TXN-0417,2024-06-23,Infrastructure #417,7037.86,expense,Infrastructure,AWS,medium
TXN-0418,2024-11-20,SaaS Revenue #418,77220.57,income,SaaS Revenue,Stripe,low
TXN-0419,2024-08-24,SaaS Revenue #419,20130.81,income,SaaS Revenue,Stripe,low
TXN-0420,2024-08-02,SaaS Revenue #420,6904.44,income,SaaS Revenue,Stripe,low
TXN-0421,2024-06-11,Marketing #421,33902.35,expense,Marketing,Meta Ads,low
TXN-0422,2024-05-17,SaaS Revenue #422,13668.34,income,SaaS Revenue,Stripe,low
TXN-0423,2024-08-24,License Revenue #423,34593.46,income,License Revenue,Direct,low
TXN-0424,2024-08-28,Consulting #424,95117.13,income,Consulting,Direct,low
TXN-0425,2024-06-18,License Revenue #425,4827.85,income,License Revenue,Direct,low
TXN-0426,2024-10-29,SaaS Revenue #426,10839.93,income,SaaS Revenue,Stripe,low
TXN-0427,2024-10-02,SaaS Revenue #427,7845.9,income,SaaS Revenue,Stripe,low
TXN-0428,2024-08-02,Payroll #428,6717.08,expense,Payroll,Gusto,low
TXN-0429,2024-02-05,Infrastructure #429,3724.44,expense,Infrastructure,AWS,low
TXN-0430,2024-06-15,Infrastructure #430,2954.71,expense,Infrastructure,AWS,low
TXN-0431,2024-10-30,Operations #431,18411.51,expense,Operations,Various,low
TXN-0432,2024-02-12,License Revenue #432,24864.87,income,License Revenue,Direct,low
TXN-0433,2024-10-16,Marketing #433,2781.19,expense,Marketing,Meta Ads,low
TXN-0434,2024-05-28,Marketing #434,5279.18,expense,Marketing,Meta Ads,low
TXN-0435,2024-09-20,Operations #435,39561.27,expense,Operations,Various,low
TXN-0436,2024-03-11,Infrastructure #436,69813.93,expense,Infrastructure,AWS,low
TXN-0437,2024-09-14,License Revenue #437,24850.47,income,License Revenue,Direct,low
TXN-0438,2024-07-02,Marketing #438,1289.7,expense,Marketing,Meta Ads,low
TXN-0439,2024-07-23,SaaS Revenue #439,2055.29,income,SaaS Revenue,Stripe,low
TXN-0440,2024-02-23,Infrastructure #440,12695.42,expense,Infrastructure,AWS,low
TXN-0441,2024-09-16,Infrastructure #441,44850.54,expense,Infrastructure,AWS,low
TXN-0442,2024-07-31,Marketing #442,3546.39,expense,Marketing,Meta Ads,low
TXN-0443,2024-11-26,Payroll #443,3632.9,expense,Payroll,Gusto,low
TXN-0444,2024-11-08,Consulting #444,13223.74,income,Consulting,Direct,low
TXN-0445,2024-08-16,Marketing #445,8872.66,expense,Marketing,Meta Ads,low
TXN-0446,2024-05-09,SaaS Revenue #446,14177.3,income,SaaS Revenue,Stripe,low
TXN-0447,2024-07-15,SaaS Revenue #447,17060.62,income,SaaS Revenue,Stripe,low
TXN-0448,2024-05-05,Consulting #448,6155.87,income,Consulting,Direct,low
TXN-0449,2024-06-24,Consulting #449,47922.86,income,Consulting,Direct,low
TXN-0450,2024-02-08,Infrastructure #450,742.32,expense,Infrastructure,AWS,low
TXN-0451,2024-06-28,Infrastructure #451,35966.21,expense,Infrastructure,AWS,low
TXN-0452,2024-08-22,Marketing #452,2779.76,expense,Marketing,Meta Ads,high
TXN-0453,2024-06-05,Operations #453,25418.46,expense,Operations,Various,low
TXN-0454,2024-03-20,Marketing #454,40539.81,expense,Marketing,Meta Ads,low
TXN-0455,2024-05-18,Payroll #455,14755.51,expense,Payroll,Gusto,low
TXN-0456,2024-03-18,Operations #456,2531.18,expense,Operations,Various,low
TXN-0457,2024-09-14,SaaS Revenue #457,21732.35,income,SaaS Revenue,Stripe,low
TXN-0458,2024-11-17,Marketing #458,29756.6,expense,Marketing,Meta Ads,low
TXN-0459,2024-05-16,SaaS Revenue #459,10121.66,income,SaaS Revenue,Stripe,low
TXN-0460,2024-03-24,Operations #460,37134.91,expense,Operations,Various,low
TXN-0461,2024-02-14,Marketing #461,5291.16,expense,Marketing,Meta Ads,low
TXN-0462,2024-01-11,Consulting #462,7686.32,income,Consulting,Direct,low
TXN-0463,2024-06-30,SaaS Revenue #463,8559.38,income,SaaS Revenue,Stripe,low
TXN-0464,2024-09-24,Consulting #464,88396.78,income,Consulting,Direct,low
TXN-0465,2024-04-19,Payroll #465,8868.94,expense,Payroll,Gusto,low
TXN-0466,2024-08-09,Payroll #466,12059.98,expense,Payroll,Gusto,low
TXN-0467,2024-09-03,Payroll #467,3657.32,expense,Payroll,Gusto,low
TXN-0468,2024-01-16,SaaS Revenue #468,10931.6,income,SaaS Revenue,Stripe,low
TXN-0469,2024-11-04,Marketing #469,4341.41,expense,Marketing,Meta Ads,low
TXN-0470,2024-06-09,License Revenue #470,4554.9,income,License Revenue,Direct,low
TXN-0471,2024-06-22,Operations #471,3729.2,expense,Operations,Various,low
TXN-0472,2024-08-24,Consulting #472,62769.47,income,Consulting,Direct,low
TXN-0473,2024-08-04,Operations #473,23126.63,expense,Operations,Various,low
TXN-0474,2024-08-07,Infrastructure #474,16815.72,expense,Infrastructure,AWS,low
TXN-0475,2024-03-22,Infrastructure #475,673.78,expense,Infrastructure,AWS,low
TXN-0476,2024-08-22,Marketing #476,777.91,expense,Marketing,Meta Ads,low
TXN-0477,2024-04-28,Payroll #477,29970.18,expense,Payroll,Gusto,low
TXN-0478,2024-09-03,Infrastructure #478,818.11,expense,Infrastructure,AWS,low
TXN-0479,2024-01-19,SaaS Revenue #479,9259.73,income,SaaS Revenue,Stripe,low
TXN-0480,2024-06-30,Marketing #480,2638.98,expense,Marketing,Meta Ads,low
TXN-0481,2024-05-12,License Revenue #481,15078.91,income,License Revenue,Direct,low
TXN-0482,2024-06-20,Marketing #482,11954.0,expense,Marketing,Meta Ads,low
TXN-0483,2024-07-07,SaaS Revenue #483,5869.73,income,SaaS Revenue,Stripe,low
TXN-0484,2024-05-15,SaaS Revenue #484,13220.76,income,SaaS Revenue,Stripe,low
TXN-0485,2024-08-04,License Revenue #485,1753.33,income,License Revenue,Direct,low
TXN-0486,2024-03-24,Payroll #486,3486.04,expense,Payroll,Gusto,medium
TXN-0487,2024-01-28,Infrastructure #487,1445.35,expense,Infrastructure,AWS,high
TXN-0488,2024-10-12,Operations #488,14411.41,expense,Operations,Various,low
TXN-0489,2024-07-31,Marketing #489,20551.49,expense,Marketing,Meta Ads,low
TXN-0490,2024-03-26,License Revenue #490,49041.37,income,License Revenue,Direct,low
TXN-0491,2024-01-24,Infrastructure #491,1169.84,expense,Infrastructure,AWS,high
TXN-0492,2024-03-03,Consulting #492,17212.52,income,Consulting,Direct,low
TXN-0493,2024-05-19,Infrastructure #493,1127.89,expense,Infrastructure,AWS,low
TXN-0494,2024-07-07,Infrastructure #494,4655.22,expense,Infrastructure,AWS,low
TXN-0495,2024-01-10,Operations #495,1216.17,expense,Operations,Various,low
TXN-0496,2024-01-27,Payroll #496,25038.76,expense,Payroll,Gusto,medium
TXN-0497,2024-06-27,SaaS Revenue #497,41436.33,income,SaaS Revenue,Stripe,low
TXN-0498,2024-08-11,Infrastructure #498,2281.32,expense,Infrastructure,AWS,low
TXN-0499,2024-03-01,Payroll #499,2702.7,expense,Payroll,Gusto,low
TXN-0500,2024-01-31,License Revenue #500,12865.59,income,License Revenue,Direct,low
